wavelength_nm,quantum_yield,source
250.0,0.44,CH2O{H2+CO}_Roeth(2015)_300K_250-360nm.txt
251.0,0.44,CH2O{H2+CO}_Roeth(2015)_300K_250-360nm.txt
252.0,0.44,CH2O{H2+CO}_Roeth(2015)_300K_250-360nm.txt
253.0,0.44,CH2O{H2+CO}_Roeth(2015)_300K_250-360nm.txt
254.0,0.44,CH2O{H2+CO}_Roeth(2015)_300K_250-360nm.txt
255.0,0.44,CH2O{H2+CO}_Roeth(2015)_300K_250-360nm.txt
256.0,0.44,CH2O{H2+CO}_Roeth(2015)_300K_250-360nm.txt
257.0,0.44,CH2O{H2+CO}_Roeth(2015)_300K_250-360nm.txt
258.0,0.44,CH2O{H2+CO}_Roeth(2015)_300K_250-360nm.txt
259.0,0.44,CH2O{H2+CO}_Roeth(2015)_300K_250-360nm.txt
260.0,0.44,CH2O{H2+CO}_Roeth(2015)_300K_250-360nm.txt
261.0,0.44,CH2O{H2+CO}_Roeth(2015)_300K_250-360nm.txt
262.0,0.44,CH2O{H2+CO}_Roeth(2015)_300K_250-360nm.txt
263.0,0.44,CH2O{H2+CO}_Roeth(2015)_300K_250-360nm.txt
264.0,0.44,CH2O{H2+CO}_Roeth(2015)_300K_250-360nm.txt
265.0,0.44,CH2O{H2+CO}_Roeth(2015)_300K_250-360nm.txt
266.0,0.43,CH2O{H2+CO}_Roeth(2015)_300K_250-360nm.txt
267.0,0.43,CH2O{H2+CO}_Roeth(2015)_300K_250-360nm.txt
268.0,0.43,CH2O{H2+CO}_Roeth(2015)_300K_250-360nm.txt
269.0,0.43,CH2O{H2+CO}_Roeth(2015)_300K_250-360nm.txt
270.0,0.42,CH2O{H2+CO}_Roeth(2015)_300K_250-360nm.txt
271.0,0.42,CH2O{H2+CO}_Roeth(2015)_300K_250-360nm.txt
272.0,0.41,CH2O{H2+CO}_Roeth(2015)_300K_250-360nm.txt
273.0,0.41,CH2O{H2+CO}_Roeth(2015)_300K_250-360nm.txt
274.0,0.4,CH2O{H2+CO}_Roeth(2015)_300K_250-360nm.txt
275.0,0.39,CH2O{H2+CO}_Roeth(2015)_300K_250-360nm.txt
276.0,0.38,CH2O{H2+CO}_Roeth(2015)_300K_250-360nm.txt
277.0,0.37,CH2O{H2+CO}_Roeth(2015)_300K_250-360nm.txt
278.0,0.36,CH2O{H2+CO}_Roeth(2015)_300K_250-360nm.txt
279.0,0.35,CH2O{H2+CO}_Roeth(2015)_300K_250-360nm.txt
280.0,0.34,CH2O{H2+CO}_Roeth(2015)_300K_250-360nm.txt
281.0,0.33,CH2O{H2+CO}_Roeth(2015)_300K_250-360nm.txt
282.0,0.32,CH2O{H2+CO}_Roeth(2015)_300K_250-360nm.txt
283.0,0.31,CH2O{H2+CO}_Roeth(2015)_300K_250-360nm.txt
284.0,0.3,CH2O{H2+CO}_Roeth(2015)_300K_250-360nm.txt
285.0,0.29,CH2O{H2+CO}_Roeth(2015)_300K_250-360nm.txt
286.0,0.29,CH2O{H2+CO}_Roeth(2015)_300K_250-360nm.txt
287.0,0.28,CH2O{H2+CO}_Roeth(2015)_300K_250-360nm.txt
288.0,0.28,CH2O{H2+CO}_Roeth(2015)_300K_250-360nm.txt
289.0,0.28,CH2O{H2+CO}_Roeth(2015)_300K_250-360nm.txt
290.0,0.27,CH2O{H2+CO}_Roeth(2015)_300K_250-360nm.txt
291.0,0.27,CH2O{H2+CO}_Roeth(2015)_300K_250-360nm.txt
292.0,0.27,CH2O{H2+CO}_Roeth(2015)_300K_250-360nm.txt
293.0,0.27,CH2O{H2+CO}_Roeth(2015)_300K_250-360nm.txt
294.0,0.27,CH2O{H2+CO}_Roeth(2015)_300K_250-360nm.txt
295.0,0.27,CH2O{H2+CO}_Roeth(2015)_300K_250-360nm.txt
296.0,0.27,CH2O{H2+CO}_Roeth(2015)_300K_250-360nm.txt
297.0,0.26,CH2O{H2+CO}_Roeth(2015)_300K_250-360nm.txt
298.0,0.26,CH2O{H2+CO}_Roeth(2015)_300K_250-360nm.txt
299.0,0.26,CH2O{H2+CO}_Roeth(2015)_300K_250-360nm.txt
300.0,0.27,CH2O{H2+CO}_Roeth(2015)_300K_250-360nm.txt
301.0,0.27,CH2O{H2+CO}_Roeth(2015)_300K_250-360nm.txt
302.0,0.27,CH2O{H2+CO}_Roeth(2015)_300K_250-360nm.txt
303.0,0.27,CH2O{H2+CO}_Roeth(2015)_300K_250-360nm.txt
304.0,0.27,CH2O{H2+CO}_Roeth(2015)_300K_250-360nm.txt
305.0,0.27,CH2O{H2+CO}_Roeth(2015)_300K_250-360nm.txt
306.0,0.27,CH2O{H2+CO}_Roeth(2015)_300K_250-360nm.txt
307.0,0.28,CH2O{H2+CO}_Roeth(2015)_300K_250-360nm.txt
308.0,0.28,CH2O{H2+CO}_Roeth(2015)_300K_250-360nm.txt
309.0,0.28,CH2O{H2+CO}_Roeth(2015)_300K_250-360nm.txt
310.0,0.29,CH2O{H2+CO}_Roeth(2015)_300K_250-360nm.txt
311.0,0.29,CH2O{H2+CO}_Roeth(2015)_300K_250-360nm.txt
312.0,0.3,CH2O{H2+CO}_Roeth(2015)_300K_250-360nm.txt
313.0,0.31,CH2O{H2+CO}_Roeth(2015)_300K_250-360nm.txt
314.0,0.32,CH2O{H2+CO}_Roeth(2015)_300K_250-360nm.txt
315.0,0.33,CH2O{H2+CO}_Roeth(2015)_300K_250-360nm.txt
316.0,0.34,CH2O{H2+CO}_Roeth(2015)_300K_250-360nm.txt
317.0,0.35,CH2O{H2+CO}_Roeth(2015)_300K_250-360nm.txt
318.0,0.37,CH2O{H2+CO}_Roeth(2015)_300K_250-360nm.txt
319.0,0.39,CH2O{H2+CO}_Roeth(2015)_300K_250-360nm.txt
320.0,0.41,CH2O{H2+CO}_Roeth(2015)_300K_250-360nm.txt
321.0,0.43,CH2O{H2+CO}_Roeth(2015)_300K_250-360nm.txt
322.0,0.45,CH2O{H2+CO}_Roeth(2015)_300K_250-360nm.txt
323.0,0.48,CH2O{H2+CO}_Roeth(2015)_300K_250-360nm.txt
324.0,0.5,CH2O{H2+CO}_Roeth(2015)_300K_250-360nm.txt
325.0,0.53,CH2O{H2+CO}_Roeth(2015)_300K_250-360nm.txt
326.0,0.55,CH2O{H2+CO}_Roeth(2015)_300K_250-360nm.txt
327.0,0.58,CH2O{H2+CO}_Roeth(2015)_300K_250-360nm.txt
328.0,0.61,CH2O{H2+CO}_Roeth(2015)_300K_250-360nm.txt
329.0,0.63,CH2O{H2+CO}_Roeth(2015)_300K_250-360nm.txt
330.0,0.65,CH2O{H2+CO}_Roeth(2015)_300K_250-360nm.txt
331.0,0.67,CH2O{H2+CO}_Roeth(2015)_300K_250-360nm.txt
332.0,0.68,CH2O{H2+CO}_Roeth(2015)_300K_250-360nm.txt
333.0,0.7,CH2O{H2+CO}_Roeth(2015)_300K_250-360nm.txt
334.0,0.7,CH2O{H2+CO}_Roeth(2015)_300K_250-360nm.txt
335.0,0.71,CH2O{H2+CO}_Roeth(2015)_300K_250-360nm.txt
336.0,0.71,CH2O{H2+CO}_Roeth(2015)_300K_250-360nm.txt
337.0,0.7,CH2O{H2+CO}_Roeth(2015)_300K_250-360nm.txt
338.0,0.7,CH2O{H2+CO}_Roeth(2015)_300K_250-360nm.txt
339.0,0.68,CH2O{H2+CO}_Roeth(2015)_300K_250-360nm.txt
340.0,0.67,CH2O{H2+CO}_Roeth(2015)_300K_250-360nm.txt
341.0,0.65,CH2O{H2+CO}_Roeth(2015)_300K_250-360nm.txt
342.0,0.62,CH2O{H2+CO}_Roeth(2015)_300K_250-360nm.txt
343.0,0.59,CH2O{H2+CO}_Roeth(2015)_300K_250-360nm.txt
344.0,0.57,CH2O{H2+CO}_Roeth(2015)_300K_250-360nm.txt
345.0,0.53,CH2O{H2+CO}_Roeth(2015)_300K_250-360nm.txt
346.0,0.5,CH2O{H2+CO}_Roeth(2015)_300K_250-360nm.txt
347.0,0.47,CH2O{H2+CO}_Roeth(2015)_300K_250-360nm.txt
348.0,0.43,CH2O{H2+CO}_Roeth(2015)_300K_250-360nm.txt
349.0,0.4,CH2O{H2+CO}_Roeth(2015)_300K_250-360nm.txt
350.0,0.37,CH2O{H2+CO}_Roeth(2015)_300K_250-360nm.txt
351.0,0.33,CH2O{H2+CO}_Roeth(2015)_300K_250-360nm.txt
352.0,0.3,CH2O{H2+CO}_Roeth(2015)_300K_250-360nm.txt
353.0,0.27,CH2O{H2+CO}_Roeth(2015)_300K_250-360nm.txt
354.0,0.24,CH2O{H2+CO}_Roeth(2015)_300K_250-360nm.txt
355.0,0.22,CH2O{H2+CO}_Roeth(2015)_300K_250-360nm.txt
356.0,0.2,CH2O{H2+CO}_Roeth(2015)_300K_250-360nm.txt
357.0,0.17,CH2O{H2+CO}_Roeth(2015)_300K_250-360nm.txt
358.0,0.15,CH2O{H2+CO}_Roeth(2015)_300K_250-360nm.txt
359.0,0.14,CH2O{H2+CO}_Roeth(2015)_300K_250-360nm.txt
360.0,0.12,CH2O{H2+CO}_Roeth(2015)_300K_250-360nm.txt
