wavelength_nm,toa_photon_flux_per_s_cm2_nm,surface_photon_flux_per_s_cm2_nm
280.0,11558331639078.062,6.668452579428586e-09
280.5,13979490002237.729,1.7378341763387847e-07
281.0,21218801332192.523,8.048291345300624e-07
281.5,30042600851781.383,2.2194679931160384e-05
282.0,37903877283656.086,0.00016958790937473989
282.5,43090779289023.71,0.0006461625900251093
283.0,46301287129974.086,0.0026287733849916363
283.5,46097657114816.98,0.005046480357832595
284.0,42747704244945.67,0.10389550727358536
284.5,35839527034570.71,0.3559891639910844
285.0,25235346747354.984,1.1498158843746225
285.5,22277224340518.38,6.124512005306514
286.0,34842127587276.598,19.701639417532768
286.5,48027737406812.85,120.8957667462845
287.0,52301450666828.234,395.39607745831165
287.5,49063758596413.14,1578.0004719076474
288.0,45089575272166.55,9037.777664762207
288.5,47201135466422.336,24925.104211530466
289.0,57030499770377.86,81857.68034643648
289.5,69808346147943.13,302391.1010905369
290.0,82192021198269.83,878388.9043441383
290.5,88622098289992.12,2015640.892295316
291.0,90532545527374.58,5134865.3492322555
291.5,87753209770434.25,16014227.060614534
292.0,83346847538864.12,39439081.4720939
292.5,77894144178730.25,62852770.21302647
293.0,79354793100802.77,127537017.47684036
293.5,81115475370300.83,335498925.1791295
294.0,78885613436707.78,617823836.2667785
294.5,77092461115349.06,977161770.1103408
295.0,78262893217302.75,1825144132.145447
295.5,83155802815125.88,4139344130.829504
296.0,85382644278778.39,7138167873.526352
296.5,77765270794601.16,10649065729.061073
297.0,71467339262776.83,14472883767.022589
297.5,79225668010845.3,27868265223.928337
298.0,79208803720344.02,43486833375.85857
298.5,70325601625258.16,53779550353.98213
299.0,71045480294416.77,74072439211.19795
299.5,75536667390149.98,129766265248.21216
300.0,69159700228215.27,154119478715.32007
300.5,65502162836067.1,188337627554.04977
301.0,70156958720245.47,292446933758.2586
301.5,72483395146070.25,408496963096.0161
302.0,68261613832565.65,444065362680.49225
302.5,77359269293428.81,652376200104.4272
303.0,93350643981884.98,1082150561649.482
303.5,98699392834899.14,1371936838948.8804
304.0,95036066208698.3,1449277054111.101
304.5,95958819775528.86,1832261617854.4673
305.0,98573036509053.81,2527738162069.397
305.5,93967071555580.6,2878837336250.2676
306.0,87034841336245.9,2861674774342.3726
306.5,88720011857230.83,3256873061360.745
307.0,93501164067254.53,4303989947287.556
307.5,97678222289173.1,5516265374444.822
308.0,100007759730803.47,5866656751836.296
308.5,99471248757617.62,6434182413783.136
309.0,90221437123500.45,6305234021317.186
309.5,77902953882723.44,6747330641690.442
310.0,83178708045508.2,7949418778855.801
310.5,101913676263275.16,10244512794931.064
311.0,119299501240940.66,12982353335828.451
311.5,116668671922742.81,13184814429118.57
312.0,110911052122112.89,14666048860659.086
312.5,106345712489339.75,15571781072551.488
313.0,109352086903476.25,16911757186383.438
313.5,114261357380143.89,16976649465997.348
314.0,113337093578343.08,18919549135832.473
314.5,107026325049271.53,20676979366027.9
315.0,108544362900214.02,21605799043322.367
315.5,100378270710174.62,18801866592833.023
316.0,93378835034663.23,19642961754821.496
316.5,103405033296409.69,23956827128579.594
317.0,117930724946225.8,27380992944889.61
317.5,128168645565511.66,29161567526004.316
318.0,115839039444178.64,28165338510812.17
318.5,109028896619840.0,29808179662638.902
319.0,113343235200555.47,32872428797894.17
319.5,117924689040461.31,31506952366589.332
320.0,124846090875059.2,33067299450223.746
320.5,133269678127528.42,39569477676484.69
321.0,123694617256098.9,40437568288566.6
321.5,116367883457832.14,38589143884354.55
322.0,119163509615985.03,35990741828026.55
322.5,115515456499450.17,35244617792143.07
323.0,105528675370427.58,34513893118839.688
323.5,110965234318729.34,40487051137367.26
324.0,120779531511798.23,44914327606217.26
324.5,128725381102007.64,46264359367892.875
325.0,135661135202939.58,45637035448886.82
325.5,149730803852309.97,53149789922557.39
326.0,163841414971724.22,62559570678841.36
326.5,167092346768711.94,66932269772924.34
327.0,165389305133912.22,65526890416646.875
327.5,162689420321699.16,63416213709848.695
328.0,157987532794089.75,57983196262552.18
328.5,154456261113688.66,61458377816157.664
329.0,166384298273487.06,69950635452724.73
329.5,181764883598803.3,77758479771351.53
330.0,184366464699743.7,78310062889540.61
330.5,173515149561994.12,71209592494518.64
331.0,165129595060192.75,67088272011235.92
331.5,165873003190188.03,69766255899321.914
332.0,165924300838011.3,72908284652604.0
332.5,164041709884655.34,73513544038694.5
333.0,161591124593100.1,71989638924892.52
333.5,157310856913313.78,68370622592719.195
334.0,160669055666122.7,69772845557908.81
334.5,166474907337586.28,74949238844941.72
335.0,170278741191303.8,78230070777282.38
335.5,164592865102936.2,76531215010408.56
336.0,150504701109296.62,70227859217982.75
336.5,140430960650686.3,64733760317313.945
337.0,138773477770822.84,63415068448329.56
337.5,149057926212484.25,68047223393245.41
338.0,157440998894817.88,73865179597995.66
338.5,163218873463457.34,77580214152519.98
339.0,165303055614760.53,79107844512581.94
339.5,169028266635926.22,81089131838302.88
340.0,180471065299779.12,85888069582159.69
340.5,179348029405308.88,85827536847493.25
341.0,166685137079563.44,80920398319191.97
341.5,164866562469538.62,80688343164836.23
342.0,171426469427537.84,84248095359718.16
342.5,177194484678879.78,87531696056170.95
343.0,179870545534437.0,88906158385548.88
343.5,169983960944516.47,84055608361583.31
344.0,147917970652230.47,72461033600277.22
344.5,140994781706251.1,69902542020096.71
345.0,159058626673816.1,79714279364890.98
345.5,168747390619098.44,85106804895576.45
346.0,164198152608166.6,83219927391963.23
346.5,166746659018135.38,84873445905029.73
347.0,169362974978268.94,86300806731299.38
347.5,163246357222857.84,83398774451258.33
348.0,161999159877365.72,83233217459701.56
348.5,164423149931094.62,84800176855447.44
349.0,157945910718309.28,81808602744019.5
349.5,161812441976817.25,84109251907727.05
350.0,178343647638335.6,93026950286592.0
350.5,191426032897654.34,100117103259708.78
351.0,186133137567957.1,97487540021827.7
351.5,179231841994929.97,93822003418453.73
352.0,174335564573123.2,91774119764660.78
352.5,164321115939445.34,86884346421459.22
353.0,174171553055352.62,92477325439747.67
353.5,191338313416464.94,101840671504812.66
354.0,202194486476702.16,107812110372532.39
354.5,204157590573381.06,109138650429245.58
355.0,203837924171342.16,109263989863544.28
355.5,196214862135443.56,105638187542237.89
356.0,183694913549633.47,99261562700229.75
356.5,172133264427737.4,93218362500839.67
357.0,151322523550393.3,82082584538208.02
357.5,153001212646297.53,83172981737912.62
358.0,142223498809823.78,77506003723139.56
358.5,131925820709822.9,72055681500142.12
359.0,155070901576002.8,84855708195304.0
359.5,186785835951521.88,102340395671181.19
360.0,197357505913944.4,108405270259452.81
360.5,186289119669802.44,102592403546552.36
361.0,171100309015126.78,94544051791852.95
361.5,167060682175502.1,92731417439377.83
362.0,174581148915754.16,97349947547803.64
362.5,190698628224227.25,106772983133009.92
363.0,195712860031328.2,109992089245057.66
363.5,189943762444924.28,107124256235918.22
364.0,196361959021547.2,111095864609540.53
364.5,194319668271260.72,110202555590513.48
365.0,201568544422693.88,114581703387919.48
365.5,221550740190652.34,126273434081920.84
366.0,236943784954473.28,135481729356705.48
366.5,236953828017025.5,135899284155400.33
367.0,232362688536843.75,133548039603130.7
367.5,227869160576906.6,131193583284490.98
368.0,214340601566206.5,123674712359190.84
368.5,212572695339433.97,123009821345299.48
369.0,221870431763274.2,128758782465433.27
369.5,238000571874914.7,138520239053950.9
370.0,240911675633010.44,140641084676215.53
370.5,217475345952815.34,127316334391810.72
371.0,220588997391006.2,129499618161862.56
371.5,229077650600110.9,134747928838179.36
372.0,214310799596126.7,126301796294662.44
372.5,203947667912514.56,120487766700834.88
373.0,196128426353978.84,116204919036307.64
373.5,176554774316059.28,104891210223596.2
374.0,175928822193817.9,104756743935960.56
374.5,174388090545388.9,104118173800542.62
375.0,185947680713608.84,111247683496984.47
375.5,205552393250750.16,123176430467218.88
376.0,212753848024117.06,127728021927646.06
376.5,209246075599853.28,125831947093063.94
377.0,224194431676680.25,135175217101257.53
377.5,249880835268487.06,150994613782475.0
378.0,269145619084405.06,162878388472353.28
378.5,262280116080173.16,158945751712138.66
379.0,233912239957499.03,141929018092972.25
379.5,209767106664593.97,127394353130374.48
380.0,220373486860749.66,134054798947402.38
380.5,235795754671245.16,143804762647796.34
381.0,239558001687998.22,146502472721652.25
381.5,215558656410889.12,132202523444016.16
382.0,183507302093394.28,112839702725003.55
382.5,158497763161734.75,97744748139613.16
383.0,141911489299084.03,87725104297637.67
383.5,137254848411183.64,85040281562194.66
384.0,158707572554978.5,98526279634374.47
384.5,190890629430113.38,118767573830889.53
385.0,209357329575995.97,130543074741633.11
385.5,199809523411663.1,124906180607467.67
386.0,192593308608520.2,120670794593939.31
386.5,199997069424386.9,125632948465148.98
387.0,201716950179105.06,126919588113947.81
387.5,198700356508336.4,125244037789723.47
388.0,196632391763555.53,124190729443830.23
388.5,195072799797406.28,123478502631854.3
389.0,211689132370081.72,134225792784852.11
389.5,234471077237661.97,148961094980307.56
390.0,245786210705362.03,156473481963468.72
390.5,247713295698000.25,157995121724815.3
391.0,262222198569063.6,167580494984033.44
391.5,265868560222431.8,170171645395445.9
392.0,244698338115116.03,156869395095039.7
392.5,203753854424664.16,130916593605653.36
393.0,147391381922799.25,94914114734849.58
393.5,117112278274674.69,75576245614604.02
394.0,152080409799636.9,98313266025935.47
394.5,209657690140998.44,135809805250470.53
395.0,247565267500331.62,160613187040456.12
395.5,263707036421243.16,171301064549723.8
396.0,231765491288436.12,150819011211307.72
396.5,168324975380857.62,109815429509411.17
397.0,130305086880902.53,85175958554864.8
397.5,192386038927084.78,125956805769230.39
398.0,260665549044048.03,170803054500046.53
398.5,307775164271272.44,201993751078571.38
399.0,326299102322527.94,214780935742369.4
399.5,336200530005147.9,221646589770098.4
400.0,340004232971834.6,224340370715973.38
401.0,353672866276026.56,234227526678124.25
402.0,367101875631603.56,244080249282953.2
403.0,353002321949229.94,235598618666460.22
404.0,358555959346543.0,240006742838828.9
405.0,349657151490097.8,234688249026385.78
406.0,340505630981961.9,229463188417436.12
407.0,333968327207350.9,225910108944064.53
408.0,348960933168806.6,236488298087441.97
409.0,372464720011006.75,253230712626609.84
410.0,317234923736839.0,216409120063809.8
411.0,354837257438099.2,242861791708945.12
412.0,376648574290291.5,258800710902767.53
413.0,361595357565362.6,248887880946122.1
414.0,357302262956562.2,246801994746360.78
415.0,369530333463786.1,256089033672494.97
416.0,380095937315744.75,264370860202422.12
417.0,370723419090293.75,258456780058873.0
418.0,354567932201735.7,247818785610673.06
419.0,368915667830889.2,258557361707892.5
420.0,338081200443033.3,237481428603886.8
421.0,383816652870815.6,270367147469519.3
422.0,378567579525838.8,267312898606825.5
423.0,366475128118944.5,259449910575317.8
424.0,364566694528189.0,258633175503399.66
425.0,375482169481591.9,267180702705761.75
426.0,364356268455665.8,260239159370777.16
427.0,352099201437012.75,252015325863708.06
428.0,355724772188957.0,255083317864631.25
429.0,328912563938567.75,236760895499574.44
430.0,262358019034055.84,189326378389080.8
431.0,238450496043138.8,172261498479062.47
432.0,396237328677913.7,287217694832557.94
433.0,368664918484659.9,267850441573907.7
434.0,340829828088911.6,248019244132392.62
435.0,374243776805976.3,272678964820831.9
436.0,410002617020202.5,299797952134847.2
437.0,417982698603071.1,306733303506453.75
438.0,366682030309870.5,269840931264714.1
439.0,353817345421515.06,260224812138559.66
440.0,405347066018539.0,299004373999139.75
441.0,399386168590911.7,295554644938899.75
442.0,427660284292515.3,317073832006677.56
443.0,434649148323234.94,322318324305577.94
444.0,423359336461869.5,314798209953485.56
445.0,440195737957353.4,327492187949035.56
446.0,394192571210509.25,294302911854380.3
447.0,447799771032626.6,335354773251217.8
448.0,454214242362989.56,340119413558900.06
449.0,452289699599217.94,340064894076473.44
450.0,468701423021064.0,353281715418728.56
451.0,486316803714209.4,367189620283375.75
452.0,465778614941948.9,352280630998107.06
453.0,430184994433469.4,326036623484696.3
454.0,461211664391873.9,350479726137234.25
455.0,458333659950209.75,348709227340429.5
456.0,473573441035131.8,360953407020669.5
457.0,477832807062929.75,364735740162527.1
458.0,468503078828302.9,357694722684167.8
459.0,464904692305823.25,355633604337918.8
460.0,462513486936240.56,354092711597759.7
461.0,478974997770939.5,367301579035838.0
462.0,483293313303743.3,371540456209205.94
463.0,485737880308942.06,373649902074503.3
464.0,470669762598973.25,363081428776101.25
465.0,464427458055220.25,359322655299779.8
466.0,474106050567977.8,367672643768031.44
467.0,453965053592896.25,352005113798365.4
468.0,474020470586329.6,367978416008344.06
469.0,476449935241825.7,370252125097240.44
470.0,458774145149869.9,356727064797554.8
471.0,466863467062254.2,363508573566857.2
472.0,491853325115192.94,383170372985874.5
473.0,473417685468532.06,369052444778029.25
474.0,480097656106667.25,373936897060018.94
475.0,497370716873219.7,387016589066974.1
476.0,482123384613446.4,374556194080158.06
477.0,486257904550369.2,377576261291358.3
478.0,501955790242937.7,390543742840022.9
479.0,491913734514003.4,383789166594356.75
480.0,499706546960559.6,390993792861161.3
481.0,499052615218435.8,391711506860195.8
482.0,500405584387128.56,393957477966804.94
483.0,493833243161207.5,389960490094507.44
484.0,484622320077574.7,383360863956790.3
485.0,483182059327600.56,382907743124545.75
486.0,391697562357303.6,311107195686163.2
487.0,438593882065561.3,349134459166889.8
488.0,475361559239923.0,378643292639014.6
489.0,448617110198532.9,357411754991906.2
490.0,501236918397092.56,400200185239883.4
491.0,481744315635910.5,385469605045768.25
492.0,459691361188476.0,368273213874539.4
493.0,492144800464453.6,394683749964004.3
494.0,480932614680559.9,386084018972836.9
495.0,511086167461489.9,410787687498910.8
496.0,486650062230980.75,391417464111485.6
497.0,495387274945608.0,398911854127917.9
498.0,482344885742418.25,388809086953179.0
499.0,483062247353293.1,389539587608295.1
500.0,482268367170591.7,388910675425512.06
