Year,CFC-11,CFC-12,CFC-113,CFC-114,CFC-115,CCl4,CH3CCl3,HCFC-22,HCFC-141b,HCFC-142b,Halon-1211,Halon-1202,Halon-1301,Halon-2402,CH3Br,CH3Cl,HFC-23,CFCs,Halons,HCFCs,CCl4_eesc,CH3CCl3_eesc,CH3Br_eesc,CH3Cl_eesc
1955,3.3,14.3,1.3,1.1,0.0,42.3,0.1,1.0,0.0,0.0,0.0,0.0,0.0,0.0,6.3,491.3,,12.972999999999999,0.0,0.15,94.75200000000001,0.18300000000000002,245.7,216.172
1956,4.3,16.7,1.3,1.4,0.0,44.0,0.2,1.1,0.0,0.0,0.0,0.0,0.0,0.0,6.3,495.1,,12.972999999999999,0.0,0.15,94.75200000000001,0.18300000000000002,245.7,216.172
1957,5.6,19.4,1.4,1.6,0.0,45.9,0.4,1.3,0.0,0.0,0.0,0.0,0.0,0.0,6.3,498.8,,12.972999999999999,0.0,0.15,94.75200000000001,0.18300000000000002,245.7,216.172
1958,6.9,22.6,1.6,1.9,0.0,47.8,0.7,1.5,0.0,0.0,0.0,0.0,0.0,0.0,6.4,502.6,,12.972999999999999,0.0,0.15,94.75200000000001,0.18300000000000002,245.7,216.172
1959,8.2,25.9,1.7,2.1,0.0,49.9,1.0,1.7,0.0,0.0,0.0,0.0,0.0,0.0,6.4,506.4,,15.613000000000001,0.0,0.165,98.56,0.36600000000000005,245.7,217.84400000000002
1960,9.5,29.5,1.9,2.3,0.0,52.1,1.5,2.1,0.0,0.0,0.0,0.0,0.0,0.0,6.5,510.3,,18.883999999999997,0.0,0.195,102.816,0.7320000000000001,245.7,219.472
1961,11.1,33.9,2.0,2.6,0.0,54.4,2.0,2.4,0.0,0.0,0.0,0.0,0.0,0.0,6.5,514.2,,22.511,0.0,0.22499999999999998,107.072,1.281,249.60000000000002,221.144
1962,13.3,38.8,2.3,2.8,0.0,56.8,2.4,2.9,0.0,0.0,0.0,0.0,0.0,0.0,6.6,517.9,,26.069999999999997,0.0,0.255,111.77600000000001,1.83,249.60000000000002,222.816
1963,16.1,44.4,2.5,3.0,0.0,59.3,3.2,3.4,0.0,0.0,0.0,0.0,0.0,0.0,6.6,521.5,,29.863,0.0,0.315,116.70400000000001,2.745,253.5,224.532
1964,19.5,51.1,2.8,3.3,0.0,61.8,3.9,4.1,0.0,0.0,0.0,0.0,0.0,0.0,6.7,524.9,,34.398999999999994,0.0,0.36,121.85600000000001,3.66,253.5,226.24800000000002
1965,23.5,58.8,3.1,3.5,0.0,64.4,4.7,4.9,0.0,0.0,0.0,0.0,0.0,0.0,6.7,528.1,,40.175,0.0,0.435,127.232,4.392,257.4,227.876
1966,28.1,67.5,3.5,3.8,0.0,66.9,5.8,5.9,0.0,0.0,0.0,0.0,0.0,0.0,6.8,531.0,,47.043,0.0,0.51,132.832,5.856000000000001,257.4,229.46
1967,33.1,77.3,3.9,4.1,0.1,69.3,7.6,7.1,0.0,0.0,0.0,0.0,0.0,0.0,6.9,533.6,,55.40099999999999,0.0,0.6149999999999999,138.43200000000002,7.1370000000000005,261.3,230.956
1968,38.8,88.3,4.4,4.4,0.1,71.6,10.1,8.5,0.0,0.0,0.01,0.0,0.0,0.01,6.9,536.0,,65.059,0.0,0.735,144.25600000000003,8.601,261.3,232.364
1969,45.3,100.6,4.9,4.7,0.1,73.8,13.0,10.3,0.0,0.0,0.01,0.0,0.0,0.01,7.0,538.0,,76.159,0.0,0.885,149.85600000000002,10.614,265.2,233.64000000000001
1970,52.8,114.3,5.5,5.0,0.2,75.9,16.3,12.1,0.0,0.0,0.02,0.0,0.0,0.02,7.0,539.9,,88.35800000000002,0.0,1.065,155.232,13.908,269.1,234.78400000000002
1971,61.3,129.3,6.3,5.3,0.2,78.0,19.1,14.1,0.0,0.0,0.03,0.0,0.0,0.02,7.1,541.4,,102.20299999999999,1.287,1.275,160.38400000000001,18.483,269.1,235.84
1972,70.6,145.3,7.1,5.6,0.3,80.0,22.7,16.2,0.0,0.1,0.04,0.0,0.01,0.03,7.2,542.8,,117.79999999999998,1.287,1.5450000000000002,165.312,23.79,273.0,236.72
1973,81.1,162.8,8.1,6.0,0.4,81.9,27.4,18.6,0.0,0.1,0.06,0.0,0.02,0.04,7.2,544.0,,135.576,2.574,1.815,170.01600000000002,29.829000000000004,273.0,237.55599999999998
1974,93.0,182.2,9.1,6.3,0.5,83.7,33.5,21.3,0.0,0.1,0.09,0.0,0.03,0.05,7.3,544.9,,155.55899999999997,3.003,2.1149999999999998,174.72000000000003,34.953,276.9,238.21599999999998
1975,106.1,203.1,10.4,6.8,0.7,85.5,40.0,23.8,0.0,0.2,0.23,0.01,0.04,0.06,7.4,545.8,,177.15699999999995,4.497999999999999,2.4469999999999996,179.20000000000002,41.541,280.8,238.832
1976,118.5,223.2,11.9,7.3,0.9,87.2,45.5,26.6,0.1,0.3,0.37,0.01,0.11,0.08,7.4,546.5,,201.373,6.422,2.807,183.45600000000002,50.141999999999996,280.8,239.36
1977,130.9,242.6,13.5,7.8,1.1,88.8,53.1,29.8,0.1,0.4,0.5,0.01,0.18,0.09,7.5,547.1,,228.44899999999998,8.774999999999999,3.2119999999999997,187.48800000000003,61.305,284.7,239.756
1978,142.5,261.2,15.0,8.3,1.3,90.4,62.5,33.2,0.2,0.6,0.64,0.01,0.24,0.11,7.6,547.6,,258.2659999999999,16.692,3.6039999999999996,191.52,73.2,288.6,240.152
1979,153.2,279.0,16.6,8.8,1.5,91.6,74.7,34.8,0.2,0.7,0.78,0.01,0.31,0.14,7.7,548.0,,286.892,25.87,4.109,195.32800000000003,83.265,288.6,240.46
1980,162.3,296.7,19.0,9.3,1.8,93.2,82.2,38.9,0.2,0.8,0.84,0.01,0.36,0.15,7.7,548.4,,315.272,33.760999999999996,4.605999999999999,198.912,97.173,292.5,240.72400000000002
1981,170.7,311.4,21.5,9.9,1.9,94.8,88.8,43.1,0.2,0.8,0.96,0.01,0.46,0.17,7.8,548.6,,342.05,42.731,5.218000000000001,202.49600000000004,114.375,296.4,240.94400000000002
1982,179.3,329.4,25.3,10.5,2.1,96.0,93.8,47.1,0.3,0.8,1.07,0.01,0.59,0.19,7.9,548.9,,367.265,52.767,5.475,205.184,136.70100000000002,300.3,241.12
1983,187.6,345.3,28.9,11.0,2.4,97.1,97.9,50.9,0.2,0.8,1.21,0.01,0.69,0.2,8.0,549.1,,390.903,57.23899999999999,6.107,208.76800000000003,150.42600000000002,300.3,241.296
1984,196.3,362.5,32.6,11.4,2.7,98.4,102.2,54.8,0.2,0.9,1.39,0.01,0.78,0.22,8.1,549.3,,412.216,66.18299999999999,6.737,212.352,162.504,304.2,241.38400000000001
1985,205.5,378.0,37.3,11.9,3.1,99.6,106.8,59.1,0.3,1.0,1.51,0.01,0.92,0.25,8.2,549.4,,436.57199999999995,75.322,7.405,215.04000000000002,171.654,308.1,241.516
1986,215.5,397.2,42.1,12.6,3.5,101.0,110.5,65.0,0.3,1.0,1.61,0.01,1.09,0.27,8.3,549.5,,459.298,84.26599999999999,7.907,217.50400000000002,179.157,312.0,241.604
1987,226.6,416.0,47.5,13.2,4.0,102.6,113.3,70.1,0.3,1.0,1.74,0.02,1.28,0.29,8.3,549.6,,483.276,95.576,8.508999999999999,220.41600000000003,187.026,315.9,241.69199999999998
1988,237.7,437.6,54.5,13.8,4.4,103.7,118.5,73.8,0.3,1.0,1.94,0.02,1.47,0.32,8.4,549.7,,508.07599999999996,106.21,9.239,223.104,195.444,319.79999999999995,241.736
1989,247.4,458.7,61.3,14.5,4.8,104.9,123.2,79.6,0.3,1.1,2.17,0.02,1.65,0.35,8.5,549.8,,535.9219999999999,115.75200000000001,10.124,226.24,202.215,323.70000000000005,241.78
1990,255.1,476.2,67.8,15.1,5.3,106.1,127.3,86.3,0.3,1.4,2.38,0.02,1.84,0.38,8.6,549.8,,565.6479999999999,127.84200000000001,10.889,229.824,207.339,323.70000000000005,241.824
1991,260.5,489.6,73.5,15.5,5.7,106.2,131.0,92.8,0.2,2.0,2.63,0.02,2.04,0.41,8.8,549.9,,598.1509999999998,142.94799999999998,11.443999999999999,232.28800000000004,216.85500000000002,327.6,241.86800000000002
1992,263.9,500.8,79.2,15.8,6.1,105.8,133.1,98.9,0.2,2.8,2.8,0.02,2.19,0.43,8.9,549.9,,628.286,159.13299999999998,12.331,234.97600000000003,225.45600000000002,331.5,241.91199999999998
1993,266.4,510.1,81.4,16.0,6.5,105.3,130.5,103.5,0.4,3.9,2.96,0.03,2.41,0.44,9.0,549.9,,653.584,174.668,13.386999999999999,237.66400000000002,232.959,335.4,241.91199999999998
1994,266.9,516.1,83.0,16.1,6.8,104.4,122.2,108.6,1.3,5.1,3.16,0.03,2.53,0.46,9.1,550.0,,672.8919999999999,192.127,14.395999999999999,237.88800000000003,239.73000000000002,343.20000000000005,241.956
1995,266.3,522.2,83.7,16.2,7.2,103.7,110.6,113.5,2.7,6.2,3.36,0.03,2.56,0.47,9.3,562.5,,688.2979999999999,204.256,15.447,236.99200000000002,243.573,347.1,241.956
1996,265.2,528.5,83.8,16.3,7.5,102.8,98.2,119.2,4.5,7.3,3.52,0.04,2.6,0.47,9.2,546.4,,698.347,217.39900000000003,16.459999999999997,235.872,238.815,351.0,241.956
1997,264.3,533.2,83.6,16.3,7.7,101.8,84.0,124.1,6.5,8.4,3.67,0.04,2.68,0.48,9.1,536.5,,703.4190000000001,230.19099999999997,18.041,233.85600000000002,223.626,354.9,242.0
1998,262.9,536.3,83.2,16.3,7.9,100.8,71.1,128.9,8.2,9.4,3.84,0.04,2.71,0.49,9.3,556.9,,706.1850000000001,240.25299999999996,19.914999999999996,232.28800000000004,202.398,362.70000000000005,247.5
1999,261.5,539.1,82.7,16.4,8.0,99.7,59.5,134.3,10.1,10.4,3.98,0.04,2.82,0.49,9.3,566.4,,707.795,248.794,22.180999999999997,230.27200000000002,179.70600000000002,358.79999999999995,240.416
2000,259.9,541.2,82.1,16.4,8.1,98.6,49.7,139.3,11.8,11.4,4.1,0.05,2.86,0.49,9.1,554.2,,708.6160000000001,257.751,24.462999999999997,228.032,153.72,354.9,236.06
2001,258.4,542.9,81.8,16.4,8.2,97.6,41.5,144.9,13.5,12.5,4.2,0.05,2.9,0.49,8.6,541.2,,707.784,266.52599999999995,26.509,225.792,130.113,362.70000000000005,245.036
2002,256.7,543.6,81.2,16.4,8.2,96.6,34.5,150.7,14.8,13.3,4.25,0.04,2.93,0.49,8.3,537.0,,706.7369999999999,274.82,28.781,223.32800000000003,108.885,362.70000000000005,249.21599999999998
2003,254.5,543.6,80.4,16.4,8.3,95.6,28.8,155.7,16.1,13.9,4.29,0.04,2.98,0.49,8.1,542.5,,704.9559999999999,281.645,30.857,220.864,90.95100000000001,354.9,243.848
2004,252.6,543.4,79.6,16.4,8.3,94.6,24.0,160.6,17.0,14.6,4.32,0.04,3.04,0.49,7.9,539.6,,703.3939999999999,286.767,33.04,218.624,75.94500000000001,335.4,238.12800000000001
2005,250.4,542.7,78.9,16.4,8.4,93.7,20.0,165.9,17.5,15.2,4.34,0.04,3.08,0.48,8.0,541.6,,700.793,288.691,34.93,216.38400000000001,63.135000000000005,323.70000000000005,236.28
2006,248.3,541.8,78.4,16.4,8.4,92.7,16.7,172.0,17.9,15.9,4.34,0.03,3.1,0.48,7.9,538.5,,696.978,291.447,36.666,214.144,52.704,315.9,238.7
2007,246.1,539.8,77.7,16.3,8.4,91.5,14.0,179.1,18.5,16.9,4.32,0.03,3.14,0.47,7.7,542.1,,693.4830000000001,293.98199999999997,38.132,211.904,43.92,308.1,237.424
2008,244.1,537.4,76.9,16.2,8.4,90.4,11.7,187.4,19.1,18.1,4.27,0.03,3.17,0.47,7.5,544.8,,689.4219999999999,294.81399999999996,39.36900000000001,209.88800000000003,36.6,312.0,238.304
2009,242.2,535.3,76.1,16.2,8.4,89.1,9.9,195.2,19.6,19.3,4.22,0.03,3.19,0.46,7.3,543.2,,685.5789999999998,294.385,40.675000000000004,207.64800000000002,30.561,308.1,236.94
2010,240.4,532.3,75.7,16.3,8.4,87.9,8.3,202.5,20.1,20.0,4.16,0.02,3.21,0.46,7.1,541.1,,680.861,293.501,42.318,204.96,25.62,300.3,238.524
2011,238.3,529.5,75.0,16.3,8.4,86.8,6.9,210.0,20.9,20.8,4.08,0.02,3.24,0.45,7.1,534.8,,676.143,291.97999999999996,44.175,202.49600000000004,21.410999999999998,292.5,239.712
2012,236.3,526.9,74.4,16.3,8.4,85.6,5.8,216.0,21.9,21.5,4.01,0.02,3.26,0.44,7.1,535.8,,671.7359999999999,289.393,45.888999999999996,199.584,18.117,284.7,239.008
2013,234.4,523.9,73.7,16.2,8.4,84.6,4.8,221.5,22.8,21.8,3.91,0.02,3.3,0.44,6.9,542.6,,667.424,286.39,47.443000000000005,196.89600000000004,15.189000000000002,276.9,238.084
2014,232.8,520.9,73.0,16.1,8.4,83.5,4.0,226.5,23.5,22.1,3.81,0.02,3.33,0.43,6.7,538.9,,662.489,282.72400000000005,49.248000000000005,194.43200000000002,12.627,276.9,235.31199999999998
2015,231.6,518.3,72.5,16.1,8.5,82.4,3.3,231.6,24.1,22.1,3.71,0.02,3.34,0.42,6.7,546.0,,657.8810000000001,279.279,50.947,191.744,10.614,276.9,235.75199999999998
2016,230.2,514.9,71.8,16.1,8.5,81.2,2.8,235.3,24.4,22.2,3.6,0.01,3.34,0.42,6.8,555.4,,653.1059999999999,275.821,52.435,189.50400000000002,8.784,269.1,238.744
2017,229.1,511.4,71.2,16.0,8.5,80.1,2.4,239.3,24.6,22.3,3.5,0.01,3.34,0.41,6.7,549.3,,648.754,271.29699999999997,53.711999999999996,187.04000000000002,7.32,261.3,237.11599999999999
2018,228.3,508.6,70.7,16.0,8.6,79.2,2.1,242.6,24.4,22.3,3.4,0.01,3.34,0.41,6.6,539.5,30.0,645.371,266.35699999999997,54.885,184.57600000000002,6.039,261.3,240.24
2019,227.2,505.1,70.1,16.0,8.7,78.4,1.8,245.5,24.4,22.3,3.31,0.01,3.35,0.4,6.5,539.5,31.2,641.135,260.793,55.661,181.88800000000003,5.124,265.2,244.376
2020,225.0,500.8,69.4,16.0,8.7,77.3,1.5,247.5,24.4,22.1,3.21,0.01,3.34,0.4,6.6,539.5,32.4,637.338,255.64499999999998,56.414,179.424,4.392,261.3,241.69199999999998
2021,223.3,497.1,68.7,15.9,8.7,76.5,1.3,249.7,24.7,22.1,3.11,0.01,3.35,0.38,6.6,539.5,33.7,634.423,251.35499999999996,56.772999999999996,177.40800000000002,3.8430000000000004,257.4,237.38
2022,221.5,493.4,67.9,15.8,8.7,75.6,1.1,251.4,25.0,22.2,3.02,0.0,3.35,0.37,6.7,539.5,35.0,630.659,246.844,57.208,175.61600000000004,3.294,253.5,237.38
2023,219.7,489.6,67.2,15.8,8.6,74.6,1.0,252.6,25.2,22.2,2.92,0.0,3.35,0.36,6.7,539.5,36.3,624.863,242.346,57.474,173.15200000000002,2.745,257.4,237.38
2024,217.8,485.8,66.6,15.7,8.6,73.6,0.9,253.5,25.4,22.2,2.83,0.0,3.35,0.34,6.7,539.5,37.7,620.0340000000001,236.548,58.007999999999996,171.36,2.379,257.4,237.38
2025,215.8,481.9,65.9,15.7,8.6,72.5,0.8,254.1,25.6,22.2,2.74,0.0,3.35,0.33,6.7,539.5,39.2,614.9739999999999,230.984,58.484,169.344,2.0130000000000003,261.3,237.38
2026,213.8,478.0,65.3,15.6,8.6,71.2,0.7,254.4,25.7,22.3,2.65,0.0,3.34,0.32,6.7,539.5,40.6,609.9749999999999,225.83599999999998,58.8,167.104,1.83,261.3,237.38
2027,211.7,474.0,64.7,15.6,8.6,69.9,0.7,253.8,25.8,22.2,2.56,0.0,3.34,0.31,6.7,539.5,42.0,604.906,220.259,59.071,164.864,1.647,261.3,237.38
2028,209.6,470.1,64.0,15.5,8.6,68.6,0.6,252.5,25.8,22.2,2.48,0.0,3.34,0.3,6.7,539.5,43.5,599.5840000000001,215.54,59.297,162.4,1.4640000000000002,261.3,237.38
2029,207.4,466.1,63.4,15.5,8.6,67.1,0.6,250.6,25.8,22.1,2.4,0.0,3.33,0.29,6.7,539.5,45.1,594.326,210.61299999999997,59.42699999999999,159.48800000000003,1.281,261.3,237.38
2030,205.3,462.1,62.8,15.4,8.5,65.6,0.5,248.1,25.7,22.0,2.32,0.0,3.33,0.28,6.7,539.5,46.8,588.905,205.894,59.388000000000005,156.57600000000002,1.281,261.3,237.38
2031,203.1,458.1,62.2,15.4,8.5,64.1,0.5,245.2,25.6,21.9,2.24,0.0,3.32,0.27,6.7,539.5,48.4,583.4159999999999,201.60399999999998,59.193,153.66400000000002,1.098,261.3,237.38
2032,200.8,454.1,61.6,15.3,8.5,62.5,0.5,241.3,25.4,21.8,2.16,0.0,3.32,0.26,6.7,539.5,50.0,577.8539999999999,197.106,58.891,150.304,1.098,261.3,237.38
2033,198.5,450.2,61.0,15.3,8.5,61.1,0.5,236.7,25.1,21.7,2.08,0.0,3.31,0.25,6.7,539.5,51.6,572.4000000000001,192.816,58.431,146.944,0.915,261.3,237.38
2034,196.3,446.2,60.5,15.2,8.5,59.6,0.4,231.4,24.8,21.5,2.01,0.0,3.31,0.24,6.7,539.5,53.2,566.8380000000001,188.31799999999998,57.910999999999994,143.584,0.915,261.3,237.38
2035,194.0,442.2,59.9,15.2,8.5,58.3,0.4,225.6,24.4,21.3,1.94,0.0,3.3,0.23,6.7,539.5,54.8,561.109,184.028,57.173,140.0,0.915,261.3,237.38
2036,191.6,438.2,59.3,15.1,8.4,56.9,0.4,219.4,24.0,21.0,1.87,0.0,3.29,0.22,6.7,539.5,56.4,555.454,179.52999999999997,56.26199999999999,136.864,0.915,261.3,237.38
2037,189.3,434.2,58.7,15.1,8.4,55.6,0.4,212.9,23.6,20.8,1.8,0.0,3.28,0.22,6.7,539.5,58.0,549.956,175.66899999999998,55.229,133.50400000000002,0.7320000000000001,261.3,237.38
2038,187.0,430.3,58.2,15.0,8.4,54.4,0.4,206.2,23.1,20.5,1.74,0.0,3.27,0.21,6.7,539.5,59.5,544.2529999999999,171.6,54.053,130.592,0.7320000000000001,261.3,237.38
2039,184.6,426.4,57.6,15.0,8.4,53.2,0.4,199.3,22.6,20.3,1.68,0.0,3.26,0.2,6.7,539.5,61.1,538.376,167.531,52.8,127.456,0.7320000000000001,261.3,237.38
2040,182.3,422.4,57.1,14.9,8.4,52.0,0.4,192.4,22.1,20.0,1.61,0.0,3.25,0.19,6.7,539.5,62.6,532.673,164.32000000000002,51.519000000000005,124.54400000000001,0.7320000000000001,261.3,237.38
2041,179.9,418.5,56.5,14.9,8.4,50.9,0.4,185.5,21.6,19.7,1.56,0.0,3.24,0.19,6.7,539.5,64.2,527.0819999999999,160.68,50.123,121.85600000000001,0.7320000000000001,261.3,237.38
2042,177.6,414.7,56.0,14.8,8.4,49.8,0.4,178.5,21.1,19.4,1.5,0.0,3.23,0.18,6.7,539.5,65.7,521.286,157.04,48.714000000000006,119.16800000000002,0.7320000000000001,261.3,237.38
2043,175.2,410.8,55.5,14.8,8.3,48.7,0.4,171.5,20.5,19.1,1.44,0.0,3.22,0.17,6.7,539.5,67.2,515.6469999999999,152.971,47.288000000000004,116.48000000000002,0.7320000000000001,261.3,237.38
2044,172.9,407.0,55.0,14.7,8.3,47.7,0.4,164.6,20.0,18.8,1.39,0.0,3.21,0.17,6.7,539.5,68.7,509.85100000000006,150.61800000000002,45.86200000000001,114.016,0.7320000000000001,261.3,237.38
2045,170.5,403.2,54.4,14.7,8.3,46.7,0.4,157.8,19.4,18.5,1.34,0.0,3.19,0.16,6.7,539.5,70.2,504.308,146.97799999999998,44.42100000000001,111.552,0.7320000000000001,261.3,237.38
2046,168.2,399.4,53.9,14.7,8.3,45.8,0.4,151.2,18.9,18.1,1.29,0.0,3.18,0.16,6.7,539.5,71.7,498.595,143.33800000000002,42.912,109.08800000000002,0.7320000000000001,261.3,237.38
2047,165.9,395.6,53.4,14.6,8.3,44.8,0.4,144.7,18.3,17.8,1.24,0.0,3.17,0.15,6.7,539.5,73.2,493.052,140.985,41.486,106.84800000000001,0.7320000000000001,261.3,237.38
2048,163.5,391.9,52.9,14.6,8.3,43.9,0.4,138.3,17.8,17.5,1.19,0.0,3.16,0.15,6.7,539.5,74.7,487.304,137.566,40.007000000000005,104.60800000000002,0.7320000000000001,261.3,237.38
2049,161.2,388.2,52.4,14.5,8.2,43.1,0.4,132.1,17.3,17.2,1.14,0.0,3.14,0.14,6.7,539.5,76.2,481.787,135.21300000000002,38.608999999999995,102.592,0.7320000000000001,261.3,237.38
2050,158.9,384.5,51.9,14.5,8.2,42.2,0.4,126.1,16.7,16.8,1.1,0.0,3.13,0.14,6.7,539.5,77.7,476.244,132.002,37.175000000000004,100.352,0.7320000000000001,261.3,237.38
2051,156.6,380.8,51.4,14.4,8.2,41.4,0.4,120.4,16.2,16.5,1.06,0.0,3.11,0.13,6.7,539.5,79.1,470.634,129.649,35.824000000000005,98.33600000000001,0.7320000000000001,261.3,237.38
2052,154.4,377.2,51.0,14.4,8.2,40.6,0.4,114.8,15.7,16.2,1.02,0.0,3.1,0.13,6.7,539.5,80.6,465.1319999999999,126.23,34.503,96.54400000000001,0.7320000000000001,261.3,237.38
2053,152.1,373.6,50.5,14.3,8.2,39.9,0.4,109.4,15.2,15.9,0.98,0.0,3.08,0.12,6.7,539.5,82.1,459.663,124.30600000000001,33.127,94.52800000000002,0.7320000000000001,261.3,237.38
2054,149.8,370.0,50.0,14.3,8.2,39.2,0.4,104.2,14.7,15.6,0.94,0.0,3.07,0.12,6.7,539.5,83.5,454.168,121.316,31.881,92.736,0.7320000000000001,261.3,237.38
2055,147.6,366.5,49.6,14.3,8.2,38.4,0.4,99.3,14.2,15.2,0.9,0.0,3.05,0.11,6.7,539.5,84.9,448.978,119.392,30.650000000000002,90.94400000000002,0.7320000000000001,261.3,237.38
2056,145.4,363.0,49.1,14.2,8.1,37.8,0.4,94.5,13.7,14.9,0.87,0.0,3.04,0.11,6.7,539.5,86.4,443.531,116.40199999999999,29.449,89.376,0.7320000000000001,261.3,237.38
2057,143.2,359.5,48.6,14.2,8.1,37.1,0.4,90.0,13.3,14.6,0.83,0.0,3.02,0.11,6.7,539.5,87.8,438.11,114.47799999999998,28.278,87.80800000000002,0.7320000000000001,261.3,237.38
2058,141.0,356.0,48.2,14.1,8.1,36.5,0.4,85.7,12.8,14.3,0.8,0.0,3.01,0.1,6.7,539.5,89.2,432.96799999999996,111.488,27.135,86.016,0.7320000000000001,261.3,237.38
2059,138.9,352.6,47.7,14.1,8.1,35.8,0.4,81.5,12.4,14.0,0.77,0.0,2.99,0.1,6.7,539.5,90.6,427.70300000000003,109.99300000000001,26.024,84.672,0.7320000000000001,261.3,237.38
2060,136.7,349.2,47.3,14.0,8.1,35.2,0.4,77.6,12.0,13.7,0.74,0.0,2.97,0.09,6.7,539.5,92.1,422.471,107.861,25.026,83.10400000000001,0.7320000000000001,261.3,237.38
2061,134.6,345.9,46.9,14.0,8.1,34.7,0.4,73.9,11.6,13.4,0.71,0.0,2.96,0.09,6.7,539.5,93.5,417.303,105.508,23.990000000000002,81.76,0.7320000000000001,261.3,237.38
2062,132.5,342.5,46.4,14.0,8.0,34.1,0.4,70.3,11.2,13.1,0.68,0.0,2.94,0.09,6.7,539.5,94.9,412.26,103.805,23.037,80.19200000000001,0.7320000000000001,261.3,237.38
2063,130.4,339.2,46.0,13.9,8.0,33.6,0.4,66.9,10.8,12.9,0.65,0.0,2.92,0.09,6.7,539.5,96.2,407.13999999999993,101.244,22.128999999999998,78.84800000000001,0.7320000000000001,261.3,237.38
2064,128.4,335.9,45.6,13.9,8.0,33.0,0.4,63.7,10.4,12.6,0.63,0.0,2.91,0.08,6.7,539.5,97.6,402.23499999999996,99.74899999999998,21.250999999999998,77.72800000000001,0.7320000000000001,261.3,237.38
2065,126.4,332.7,45.2,13.8,8.0,32.5,0.4,60.7,10.1,12.3,0.6,0.0,2.89,0.08,6.7,539.5,99.0,397.185,98.04599999999999,20.388,76.38400000000001,0.7320000000000001,261.3,237.38
2066,124.3,329.5,44.8,13.8,8.0,32.0,0.4,57.8,9.7,12.1,0.58,0.0,2.87,0.08,6.7,539.5,100.4,392.25399999999996,96.34299999999999,19.572000000000003,75.26400000000001,0.7320000000000001,261.3,237.38
2067,122.4,326.3,44.4,13.8,8.0,31.6,0.4,55.1,9.4,11.8,0.55,0.0,2.85,0.07,6.7,539.5,101.8,387.48999999999995,94.41900000000001,18.769000000000002,73.92,0.7320000000000001,261.3,237.38
2068,120.4,323.1,43.9,13.7,8.0,31.1,0.4,52.5,9.0,11.6,0.53,0.0,2.84,0.07,6.7,539.5,103.1,382.748,92.71600000000001,18.064,72.80000000000001,0.7320000000000001,261.3,237.38
2069,118.4,320.0,43.5,13.7,7.9,30.7,0.4,50.0,8.7,11.3,0.51,0.0,2.82,0.07,6.7,539.5,104.5,377.891,91.44200000000001,17.323,71.68,0.7320000000000001,261.3,237.38
2070,116.5,316.9,43.2,13.6,7.9,30.2,0.4,47.7,8.4,11.1,0.49,0.0,2.8,0.07,6.7,539.5,105.8,373.316,88.881,16.663,70.784,0.7320000000000001,261.3,237.38
2071,114.6,313.8,42.8,13.6,7.9,29.8,0.4,45.6,8.1,10.8,0.47,0.0,2.78,0.06,6.7,539.5,107.2,368.484,87.815,15.967,69.66400000000002,0.7320000000000001,261.3,237.38
2072,112.8,310.8,42.4,13.6,7.9,29.4,0.4,43.5,7.8,10.6,0.45,0.0,2.76,0.06,6.7,539.5,108.5,363.80899999999997,86.541,15.337,68.768,0.7320000000000001,261.3,237.38
2073,110.9,307.7,42.0,13.5,7.9,29.0,0.4,41.6,7.5,10.4,0.43,0.0,2.75,0.06,6.7,539.5,109.8,359.34599999999995,85.267,14.754000000000001,67.64800000000001,0.7320000000000001,261.3,237.38
2074,109.1,304.8,41.6,13.5,7.9,28.6,0.4,39.8,7.3,10.2,0.41,0.0,2.73,0.06,6.7,539.5,111.2,354.81899999999996,83.13499999999999,14.184,66.75200000000001,0.7320000000000001,261.3,237.38
2075,107.3,301.8,41.2,13.4,7.9,28.3,0.4,38.0,7.0,10.0,0.39,0.0,2.71,0.06,6.7,539.5,112.5,350.48099999999994,81.86099999999999,13.631,65.85600000000001,0.7320000000000001,261.3,237.38
2076,105.5,298.9,40.9,13.4,7.8,27.9,0.4,36.4,6.8,9.8,0.38,0.0,2.69,0.05,6.7,539.5,113.8,345.928,80.795,13.108,64.96000000000001,0.7320000000000001,261.3,237.38
2077,103.7,296.0,40.5,13.4,7.8,27.6,0.4,34.9,6.5,9.6,0.36,0.0,2.67,0.05,6.7,539.5,115.1,341.638,79.52099999999999,12.668000000000001,64.06400000000001,0.7320000000000001,261.3,237.38
2078,102.0,293.1,40.1,13.3,7.8,27.3,0.4,33.5,6.3,9.4,0.35,0.0,2.65,0.05,6.7,539.5,116.4,337.27399999999994,78.247,12.16,63.39200000000001,0.7320000000000001,261.3,237.38
2079,100.3,290.2,39.8,13.3,7.8,26.9,0.4,32.1,6.1,9.2,0.33,0.0,2.63,0.05,6.7,539.5,117.7,333.06699999999995,76.544,11.75,62.496,0.7320000000000001,261.3,237.38
2080,98.6,287.4,39.4,13.2,7.8,26.6,0.4,30.9,5.8,9.0,0.32,0.0,2.61,0.05,6.7,539.5,119.0,328.77699999999993,75.27000000000001,11.286999999999999,61.82400000000001,0.7320000000000001,261.3,237.38
2081,96.9,284.6,39.1,13.2,7.8,26.3,0.4,29.7,5.6,8.8,0.31,0.0,2.6,0.04,6.7,539.5,120.3,324.60200000000003,74.425,10.907,61.15200000000001,0.7320000000000001,261.3,237.38
2082,95.3,281.8,38.7,13.2,7.8,26.0,0.4,28.5,5.4,8.7,0.29,0.0,2.58,0.04,6.7,539.5,121.6,320.543,73.15100000000001,10.527000000000001,60.256,0.7320000000000001,261.3,237.38
2083,93.7,279.1,38.4,13.1,7.7,25.8,0.4,27.5,5.2,8.5,0.28,0.0,2.56,0.04,6.7,539.5,122.8,316.41599999999994,72.306,10.109,59.58400000000001,0.7320000000000001,261.3,237.38
2084,92.1,276.4,38.0,13.1,7.7,25.5,0.4,26.5,5.0,8.3,0.27,0.0,2.54,0.04,6.7,539.5,124.1,312.405,70.811,9.759,58.912000000000006,0.7320000000000001,261.3,237.38
2085,90.5,273.7,37.7,13.1,7.7,25.2,0.4,25.6,4.8,8.2,0.26,0.0,2.52,0.04,6.7,539.5,125.4,308.445,69.537,9.426,58.24000000000001,0.7320000000000001,261.3,237.38
2086,88.9,271.0,37.4,13.0,7.7,25.0,0.4,24.7,4.7,8.0,0.25,0.0,2.5,0.04,6.7,539.5,126.6,304.59000000000003,68.69200000000001,9.106,57.79200000000001,0.7320000000000001,261.3,237.38
2087,87.4,268.4,37.0,13.0,7.7,24.7,0.4,23.9,4.5,7.9,0.24,0.0,2.48,0.04,6.7,539.5,127.9,300.678,67.84700000000001,8.786,57.120000000000005,0.7320000000000001,261.3,237.38
2088,85.9,265.8,36.7,12.9,7.7,24.5,0.4,23.2,4.3,7.7,0.23,0.0,2.46,0.03,6.7,539.5,129.1,296.856,67.00200000000001,8.498,56.448,0.7320000000000001,261.3,237.38
2089,84.4,263.2,36.4,12.9,7.7,24.3,0.4,22.4,4.2,7.6,0.22,0.0,2.44,0.03,6.7,539.5,130.4,293.0079999999999,66.157,8.261,56.00000000000001,0.7320000000000001,261.3,237.38
2090,83.0,260.6,36.1,12.9,7.6,24.1,0.4,21.8,4.0,7.5,0.21,0.0,2.43,0.03,6.7,539.5,131.6,289.28499999999997,65.312,7.9879999999999995,55.328,0.7320000000000001,261.3,237.38
2091,81.5,258.1,35.8,12.8,7.6,23.8,0.4,21.1,3.9,7.3,0.2,0.0,2.41,0.03,6.7,539.5,132.8,285.626,63.608999999999995,7.713,54.88,0.7320000000000001,261.3,237.38
2092,80.1,255.6,35.4,12.8,7.6,23.6,0.4,20.6,3.7,7.2,0.19,0.0,2.39,0.03,6.7,539.5,134.1,281.99299999999994,62.764,7.508,54.43200000000001,0.7320000000000001,261.3,237.38
2093,78.7,253.1,35.1,12.8,7.6,23.4,0.4,20.0,3.6,7.1,0.18,0.0,2.37,0.03,6.7,539.5,135.3,278.49399999999997,62.127,7.265000000000001,53.98400000000001,0.7320000000000001,261.3,237.38
2094,77.3,250.6,34.8,12.7,7.6,23.2,0.4,19.5,3.5,7.0,0.17,0.0,2.35,0.03,6.7,539.5,136.5,274.8829999999999,61.282000000000004,7.058,53.312000000000005,0.7320000000000001,261.3,237.38
2095,76.0,248.2,34.5,12.7,7.6,23.1,0.4,19.0,3.3,6.9,0.17,0.0,2.33,0.03,6.7,539.5,137.7,271.34899999999993,60.437,6.830000000000001,52.86400000000001,0.7320000000000001,261.3,237.38
2096,74.6,245.7,34.2,12.7,7.6,22.9,0.4,18.6,3.2,6.8,0.16,0.0,2.31,0.03,6.7,539.5,138.9,267.9049999999999,59.592000000000006,6.655,52.416000000000004,0.7320000000000001,261.3,237.38
2097,73.3,243.4,33.9,12.6,7.5,22.7,0.4,18.2,3.1,6.7,0.15,0.0,2.29,0.03,6.7,539.5,140.1,264.435,58.747,6.495,51.968,0.7320000000000001,261.3,237.38
2098,72.0,241.0,33.6,12.6,7.5,22.5,0.4,17.8,3.0,6.6,0.15,0.0,2.28,0.02,6.7,539.5,141.3,261.18,58.331,6.267,51.74400000000001,0.7320000000000001,261.3,237.38
2099,70.8,238.6,33.3,12.6,7.5,22.4,0.4,17.4,2.9,6.5,0.14,0.0,2.26,0.02,6.7,539.5,142.5,257.736,57.486,6.122,51.296,0.7320000000000001,261.3,237.38
2100,69.5,236.3,33.1,12.5,7.5,22.2,0.4,17.0,2.8,6.4,0.13,0.0,2.24,0.02,6.7,539.5,143.7,254.496,56.641000000000005,5.977,50.848000000000006,0.7320000000000001,261.3,237.38
